run_id,strategy,base_strategy,case_id,vehicle_id,mission_duration_requested_h,solver_status,solver_runtime,collected_STD,collected_region_A,collected_region_B,collected_boundary,fraction_path_region_A,fraction_path_region_B,fraction_path_boundary_core,crossing_count,regions_visited,trajectory_length,mission_duration,sampled_cells
C01_representative__multi_auv_12h__baseline_shared_STD,baseline_shared_STD,baseline_shared_STD,C01_representative,1,12.0,REUSED,307.0359218120575,87.185546875,0.0,35.0,97.713134765625,0.0,0.2397260218858719,0.15753424167633057,0,1,37.641,10.883333333333333,146
C01_representative__multi_auv_12h__baseline_shared_STD,baseline_shared_STD,baseline_shared_STD,C01_representative,2,12.0,REUSED,307.0359218120575,99.30781555175781,0.0,0.0,133.67852783203125,0.0,0.0,0.09756097197532654,0,0,37.287,10.8,164
C01_representative__proxy_12h__vehicle_specific_9010__AUV1_region_A,vehicle_specific_9010,vehicle_specific_9010,C01_representative,1,12.0,REUSED,301.4890103340149,95.42509460449219,0.0,7.0,105.55885314941406,0.0,0.04516129195690155,0.0,0,1,38.397,11.016666666666667,155
C01_representative__proxy_12h__vehicle_specific_9010__AUV2_region_B,vehicle_specific_9010,vehicle_specific_9010,C01_representative,2,12.0,REUSED,285.5714485645294,90.57058715820312,0.0,57.0,85.38114929199219,0.0,0.38255032896995544,0.0,0,1,37.557,10.866666666666667,149
C01_representative__proxy_12h__vehicle_specific_8020__AUV1_region_A,vehicle_specific_8020,vehicle_specific_8020,C01_representative,1,12.0,REUSED,280.6241319179535,91.56916046142578,0.0,56.0,85.73341369628906,0.0,0.3684210479259491,0.01315789483487606,0,1,37.098,10.716666666666667,152
C01_representative__proxy_12h__vehicle_specific_8020__AUV2_region_B,vehicle_specific_8020,vehicle_specific_8020,C01_representative,2,12.0,REUSED,249.80981016159058,90.60186767578125,0.0,72.0,79.12980651855469,0.0,0.47999998927116394,0.0,0,1,36.852,10.7,150
C01_representative__proxy_12h__vehicle_specific_8020_penalty_both__AUV1_region_A,vehicle_specific_8020_penalty_both,vehicle_specific_8020,C01_representative,1,12.0,SUCCESS,299.3606753999775,90.07405090332031,0.0,59.0,78.54965209960938,0.0,0.3986486494541168,0.0,0,1,37.368,10.816666666666666,148
C01_representative__proxy_12h__vehicle_specific_8020_penalty_both__AUV2_region_B,vehicle_specific_8020_penalty_both,vehicle_specific_8020,C01_representative,2,12.0,SUCCESS,297.53629970000475,85.05653381347656,0.0,89.0,85.95171356201172,0.0,0.5493826866149902,0.0,0,1,38.119,10.933333333333334,162
C01_representative__proxy_12h__vehicle_specific_7030__AUV1_region_A,vehicle_specific_7030,vehicle_specific_7030,C01_representative,1,12.0,REUSED,273.3740084171295,75.66423797607422,52.0,0.0,124.86854553222656,0.3466666638851166,0.0,0.006666666828095913,0,1,36.829,10.616666666666667,150
C01_representative__proxy_12h__vehicle_specific_7030__AUV2_region_B,vehicle_specific_7030,vehicle_specific_7030,C01_representative,2,12.0,REUSED,249.22498488426208,92.31534576416016,0.0,87.0,77.87401580810547,0.0,0.5612903237342834,0.0,0,1,37.275,10.766666666666667,155
C01_representative__proxy_12h__vehicle_specific_9010_penalty_both__AUV1_region_A,vehicle_specific_9010_penalty_both,vehicle_specific_9010,C01_representative,1,12.0,SUCCESS,312.0315962000168,95.42509460449219,0.0,7.0,105.55885314941406,0.0,0.04516129195690155,0.0,0,1,38.397,11.016666666666667,155
C01_representative__proxy_12h__vehicle_specific_9010_penalty_both__AUV2_region_B,vehicle_specific_9010_penalty_both,vehicle_specific_9010,C01_representative,2,12.0,SUCCESS,309.96158289999585,93.541015625,0.0,65.0,99.34848022460938,0.0,0.4037266969680786,0.11180124431848526,0,1,37.363,10.766666666666667,161
C06_representative__multi_auv_12h__baseline_shared_STD,baseline_shared_STD,baseline_shared_STD,C06_representative,1,12.0,REUSED,326.3576309680939,84.24525451660156,70.0,0.0,120.55747985839844,0.43478259444236755,0.0,0.03105590119957924,0,1,37.349,10.8,161
C06_representative__multi_auv_12h__baseline_shared_STD,baseline_shared_STD,baseline_shared_STD,C06_representative,2,12.0,REUSED,326.3576309680939,77.17230987548828,11.0,0.0,110.23660278320312,0.07189542800188065,0.0,0.2549019753932953,0,1,37.009,10.633333333333333,153
C06_representative__proxy_12h__vehicle_specific_9010__AUV1_region_A,vehicle_specific_9010,vehicle_specific_9010,C06_representative,1,12.0,REUSED,311.82094836235046,86.36795806884766,65.0,0.0,121.36992645263672,0.40123456716537476,0.0,0.0555555559694767,0,1,36.754,10.566666666666666,162
C06_representative__proxy_12h__vehicle_specific_9010__AUV2_region_B,vehicle_specific_9010,vehicle_specific_9010,C06_representative,2,12.0,REUSED,325.9032573699951,86.44187927246094,21.0,0.0,121.28638458251953,0.13291139900684357,0.0,0.2278480976819992,0,1,36.906,10.65,158
C01_representative__proxy_12h__vehicle_specific_7030_penalty_both__AUV1_region_A,vehicle_specific_7030_penalty_both,vehicle_specific_7030,C01_representative,1,12.0,SUCCESS,301.56269369999063,75.66423797607422,52.0,0.0,124.86854553222656,0.3466666638851166,0.0,0.006666666828095913,0,1,36.829,10.616666666666667,150
C01_representative__proxy_12h__vehicle_specific_7030_penalty_both__AUV2_region_B,vehicle_specific_7030_penalty_both,vehicle_specific_7030,C01_representative,2,12.0,SUCCESS,259.6677702999732,86.85090637207031,0.0,61.0,93.11512756347656,0.0,0.4039735198020935,0.0794702023267746,0,1,37.42,10.75,151
C06_representative__proxy_12h__vehicle_specific_8020__AUV1_region_A,vehicle_specific_8020,vehicle_specific_8020,C06_representative,1,12.0,REUSED,293.0745573043823,75.91587829589844,78.0,0.0,109.34381103515625,0.5270270109176636,0.0,0.03378378227353096,0,1,35.173,10.116666666666667,148
C06_representative__proxy_12h__vehicle_specific_8020__AUV2_region_B,vehicle_specific_8020,vehicle_specific_8020,C06_representative,2,12.0,REUSED,297.6867666244507,83.2635726928711,21.0,0.0,118.86865234375,0.1304347813129425,0.0,0.1304347813129425,0,1,36.965,10.583333333333334,161
C06_representative__proxy_12h__vehicle_specific_9010_penalty_both__AUV1_region_A,vehicle_specific_9010_penalty_both,vehicle_specific_9010,C06_representative,1,12.0,SUCCESS,332.38414170002216,86.36795806884766,65.0,0.0,121.36992645263672,0.40123456716537476,0.0,0.0555555559694767,0,1,36.754,10.566666666666666,162
C06_representative__proxy_12h__vehicle_specific_9010_penalty_both__AUV2_region_B,vehicle_specific_9010_penalty_both,vehicle_specific_9010,C06_representative,2,12.0,SUCCESS,345.8428807000164,74.73788452148438,46.0,0.0,104.73706817626953,0.3194444477558136,0.0,0.1041666641831398,0,1,36.27,10.433333333333334,144
C06_representative__proxy_12h__vehicle_specific_7030__AUV1_region_A,vehicle_specific_7030,vehicle_specific_7030,C06_representative,1,12.0,REUSED,274.6014144420624,75.39899444580078,75.0,0.0,106.516357421875,0.5244755148887634,0.0,0.03496503457427025,0,1,35.992,10.3,143
C06_representative__proxy_12h__vehicle_specific_7030__AUV2_region_B,vehicle_specific_7030,vehicle_specific_7030,C06_representative,2,12.0,REUSED,314.1399426460266,46.83312225341797,0.0,80.0,45.69751739501953,0.0,0.5755395889282227,0.0,0,1,36.388,10.5,139
C06_representative__proxy_12h__vehicle_specific_8020_penalty_both__AUV1_region_A,vehicle_specific_8020_penalty_both,vehicle_specific_8020,C06_representative,1,12.0,SUCCESS,297.128601400007,75.91587829589844,78.0,0.0,109.34381103515625,0.5270270109176636,0.0,0.03378378227353096,0,1,35.173,10.116666666666667,148
C06_representative__proxy_12h__vehicle_specific_8020_penalty_both__AUV2_region_B,vehicle_specific_8020_penalty_both,vehicle_specific_8020,C06_representative,2,12.0,SUCCESS,331.16573500001687,78.10694885253906,17.0,0.0,115.858154296875,0.1133333370089531,0.0,0.25999999046325684,0,1,36.166,10.416666666666666,150
October_control__multi_auv_12h__baseline_shared_STD,baseline_shared_STD,baseline_shared_STD,October_control,1,12.0,REUSED,232.15893840789795,92.00331115722656,0.0,82.0,34.87681579589844,0.0,0.49696969985961914,0.0,0,1,39.218,11.2,165
October_control__multi_auv_12h__baseline_shared_STD,baseline_shared_STD,baseline_shared_STD,October_control,2,12.0,REUSED,232.15893840789795,86.26296997070312,0.0,99.0,23.359596252441406,0.0,0.6689189076423645,0.0,0,1,36.881,10.65,148
October_control__proxy_12h__vehicle_specific_9010__AUV1_region_A,vehicle_specific_9010,vehicle_specific_9010,October_control,1,12.0,REUSED,245.1109583377838,93.55828094482422,0.0,104.0,26.713829040527344,0.0,0.6341463327407837,0.0,0,1,38.86,11.066666666666666,164
October_control__proxy_12h__vehicle_specific_9010__AUV2_region_B,vehicle_specific_9010,vehicle_specific_9010,October_control,2,12.0,REUSED,225.2081699371338,85.659912109375,0.0,113.0,22.690670013427734,0.0,0.7635135054588318,0.0,0,1,37.675,10.8,148
C06_representative__proxy_12h__vehicle_specific_7030_penalty_both__AUV1_region_A,vehicle_specific_7030_penalty_both,vehicle_specific_7030,C06_representative,1,12.0,SUCCESS,284.0703288000077,75.39899444580078,75.0,0.0,106.516357421875,0.5244755148887634,0.0,0.03496503457427025,0,1,35.992,10.3,143
C06_representative__proxy_12h__vehicle_specific_7030_penalty_both__AUV2_region_B,vehicle_specific_7030_penalty_both,vehicle_specific_7030,C06_representative,2,12.0,SUCCESS,331.5143959999841,81.13520050048828,45.0,0.0,115.84845733642578,0.29411765933036804,0.0,0.22875817120075226,0,1,35.203,10.083333333333334,153
October_control__proxy_12h__vehicle_specific_8020__AUV1_region_A,vehicle_specific_8020,vehicle_specific_8020,October_control,1,12.0,REUSED,259.1789174079895,93.49459838867188,0.0,92.0,26.825237274169922,0.0,0.5679012537002563,0.0,0,1,37.926,10.916666666666666,162
October_control__proxy_12h__vehicle_specific_8020__AUV2_region_B,vehicle_specific_8020,vehicle_specific_8020,October_control,2,12.0,REUSED,229.07535243034363,87.3160400390625,0.0,104.0,24.640806198120117,0.0,0.6887417435646057,0.0,0,1,38.07,10.983333333333333,151
October_control__proxy_12h__vehicle_specific_9010_penalty_both__AUV1_region_A,vehicle_specific_9010_penalty_both,vehicle_specific_9010,October_control,1,12.0,SUCCESS,250.04304750001756,93.55828094482422,0.0,104.0,26.713829040527344,0.0,0.6341463327407837,0.0,0,1,38.86,11.066666666666666,164
October_control__proxy_12h__vehicle_specific_9010_penalty_both__AUV2_region_B,vehicle_specific_9010_penalty_both,vehicle_specific_9010,October_control,2,12.0,SUCCESS,262.5335443999793,89.2854232788086,0.0,104.0,27.662540435791016,0.0,0.6459627151489258,0.0,0,1,37.172,10.75,161
October_control__proxy_12h__vehicle_specific_7030__AUV1_region_A,vehicle_specific_7030,vehicle_specific_7030,October_control,1,12.0,REUSED,256.3967926502228,56.84149169921875,113.0,0.0,98.64254760742188,0.7197452187538147,0.0,0.0,0,1,37.207,10.733333333333333,157
October_control__proxy_12h__vehicle_specific_7030__AUV2_region_B,vehicle_specific_7030,vehicle_specific_7030,October_control,2,12.0,REUSED,237.80907464027405,87.71820068359375,0.0,100.0,22.006961822509766,0.0,0.6578947305679321,0.0,0,1,37.868,10.8,152
October_control__proxy_12h__vehicle_specific_8020_penalty_both__AUV1_region_A,vehicle_specific_8020_penalty_both,vehicle_specific_8020,October_control,1,12.0,SUCCESS,261.7081335000112,93.49459838867188,0.0,92.0,26.825237274169922,0.0,0.5679012537002563,0.0,0,1,37.926,10.916666666666666,162
October_control__proxy_12h__vehicle_specific_8020_penalty_both__AUV2_region_B,vehicle_specific_8020_penalty_both,vehicle_specific_8020,October_control,2,12.0,SUCCESS,277.52283609998995,86.00331115722656,0.0,89.0,26.05864906311035,0.0,0.5855262875556946,0.0,0,1,36.825,10.516666666666667,152
C01_representative__multi_auv_24h__baseline_shared_STD,baseline_shared_STD,baseline_shared_STD,C01_representative,1,24.0,REUSED,325.9245355129242,184.44815063476562,0.0,108.0,181.34474182128906,0.0,0.3529411852359772,0.10130719095468521,0,1,76.145,22.066666666666666,306
C01_representative__multi_auv_24h__baseline_shared_STD,baseline_shared_STD,baseline_shared_STD,C01_representative,2,24.0,REUSED,325.9245355129242,177.03646850585938,35.0,0.0,266.1166687011719,0.11551155149936676,0.0,0.3465346395969391,0,1,74.753,21.616666666666667,303
C01_representative__proxy_24h__vehicle_specific_9010__AUV1_region_A,vehicle_specific_9010,vehicle_specific_9010,C01_representative,1,24.0,REUSED,308.60566759109497,185.64688110351562,33.0,0.0,257.6350402832031,0.10443037748336792,0.0,0.2531645596027374,0,1,75.494,21.916666666666668,316
C01_representative__proxy_24h__vehicle_specific_9010__AUV2_region_B,vehicle_specific_9010,vehicle_specific_9010,C01_representative,2,24.0,REUSED,299.9756336212158,175.0917205810547,0.0,111.0,190.78192138671875,0.0,0.37123745679855347,0.07023411244153976,0,1,76.091,21.933333333333334,299
October_control__proxy_12h__vehicle_specific_7030_penalty_both__AUV1_region_A,vehicle_specific_7030_penalty_both,vehicle_specific_7030,October_control,1,12.0,SUCCESS,305.35461919999216,56.84149169921875,113.0,0.0,98.64254760742188,0.7197452187538147,0.0,0.0,0,1,37.207,10.733333333333333,157
October_control__proxy_12h__vehicle_specific_7030_penalty_both__AUV2_region_B,vehicle_specific_7030_penalty_both,vehicle_specific_7030,October_control,2,12.0,SUCCESS,272.2195212999941,87.1483154296875,0.0,103.0,26.742984771728516,0.0,0.6645161509513855,0.0,0,1,37.587,10.716666666666667,155
C01_representative__proxy_24h__vehicle_specific_8020__AUV1_region_A,vehicle_specific_8020,vehicle_specific_8020,C01_representative,1,24.0,REUSED,297.8699758052826,192.6007080078125,18.0,9.0,244.93582153320312,0.0573248416185379,0.02866242080926895,0.23885349929332733,1,2,74.945,21.633333333333333,314
C01_representative__proxy_24h__vehicle_specific_8020__AUV2_region_B,vehicle_specific_8020,vehicle_specific_8020,C01_representative,2,24.0,REUSED,250.32370448112488,167.07467651367188,0.0,202.0,149.0263214111328,0.0,0.6710963249206543,0.039867110550403595,0,1,75.26,21.8,301
C01_representative__proxy_24h__vehicle_specific_9010_penalty_both__AUV1_region_A,vehicle_specific_9010_penalty_both,vehicle_specific_9010,C01_representative,1,24.0,SUCCESS,379.5852412999957,185.64688110351562,33.0,0.0,257.6350402832031,0.10443037748336792,0.0,0.2531645596027374,0,1,75.494,21.916666666666668,316
C01_representative__proxy_24h__vehicle_specific_9010_penalty_both__AUV2_region_B,vehicle_specific_9010_penalty_both,vehicle_specific_9010,C01_representative,2,24.0,SUCCESS,373.1758469000051,163.40142822265625,0.0,169.0,157.21743774414062,0.0,0.5827586054801941,0.10000000149011612,0,1,75.696,21.9,290
C01_representative__proxy_24h__vehicle_specific_7030__AUV1_region_A,vehicle_specific_7030,vehicle_specific_7030,C01_representative,1,24.0,REUSED,270.44857120513916,161.62249755859375,124.0,0.0,264.03228759765625,0.4065573811531067,0.0,0.2295081913471222,0,1,74.209,21.433333333333334,305
C01_representative__proxy_24h__vehicle_specific_7030__AUV2_region_B,vehicle_specific_7030,vehicle_specific_7030,C01_representative,2,24.0,REUSED,262.159471988678,157.59506225585938,0.0,244.0,144.3111572265625,0.0,0.7746031880378723,0.0,0,1,76.069,21.933333333333334,315
C01_representative__proxy_24h__vehicle_specific_8020_penalty_both__AUV1_region_A,vehicle_specific_8020_penalty_both,vehicle_specific_8020,C01_representative,1,24.0,SUCCESS,357.62768649999634,192.6007080078125,18.0,9.0,244.93582153320312,0.0573248416185379,0.02866242080926895,0.23885349929332733,1,2,74.945,21.633333333333333,314
C01_representative__proxy_24h__vehicle_specific_8020_penalty_both__AUV2_region_B,vehicle_specific_8020_penalty_both,vehicle_specific_8020,C01_representative,2,24.0,SUCCESS,339.43344279998564,161.1478729248047,0.0,205.0,159.18038940429688,0.0,0.6655844449996948,0.02922077849507332,0,1,74.662,21.633333333333333,308
C06_representative__multi_auv_24h__baseline_shared_STD,baseline_shared_STD,baseline_shared_STD,C06_representative,1,24.0,REUSED,334.4328978061676,166.88185119628906,200.0,0.0,218.02413940429688,0.6578947305679321,0.0,0.009868420660495758,0,1,74.569,21.5,304
C06_representative__multi_auv_24h__baseline_shared_STD,baseline_shared_STD,baseline_shared_STD,C06_representative,2,24.0,REUSED,334.4328978061676,159.8369598388672,9.0,0.0,232.63290405273438,0.029702970758080482,0.0,0.4455445408821106,0,1,76.06,21.916666666666668,303
C06_representative__proxy_24h__vehicle_specific_9010__AUV1_region_A,vehicle_specific_9010,vehicle_specific_9010,C06_representative,1,24.0,REUSED,317.6090085506439,183.4346923828125,212.0,0.0,237.06527709960938,0.650306761264801,0.0,0.061349693685770035,0,1,74.609,21.533333333333335,326
C06_representative__proxy_24h__vehicle_specific_9010__AUV2_region_B,vehicle_specific_9010,vehicle_specific_9010,C06_representative,2,24.0,REUSED,340.4798011779785,180.21141052246094,132.0,0.0,241.5886993408203,0.4177215099334717,0.0,0.2848101258277893,0,1,73.597,21.25,316
C01_representative__proxy_24h__vehicle_specific_7030_penalty_both__AUV1_region_A,vehicle_specific_7030_penalty_both,vehicle_specific_7030,C01_representative,1,24.0,SUCCESS,327.80870850000065,161.62249755859375,124.0,0.0,264.03228759765625,0.4065573811531067,0.0,0.2295081913471222,0,1,74.209,21.433333333333334,305
C01_representative__proxy_24h__vehicle_specific_7030_penalty_both__AUV2_region_B,vehicle_specific_7030_penalty_both,vehicle_specific_7030,C01_representative,2,24.0,SUCCESS,289.2206615000032,161.48004150390625,0.0,174.0,188.86196899414062,0.0,0.5488958954811096,0.034700315445661545,0,1,76.404,21.916666666666668,317
C06_representative__proxy_24h__vehicle_specific_8020__AUV1_region_A,vehicle_specific_8020,vehicle_specific_8020,C06_representative,1,24.0,REUSED,294.1497938632965,166.64035034179688,230.0,0.0,215.10382080078125,0.7692307829856873,0.0,0.02675585262477398,0,1,72.404,20.933333333333334,299
C06_representative__proxy_24h__vehicle_specific_8020__AUV2_region_B,vehicle_specific_8020,vehicle_specific_8020,C06_representative,2,24.0,REUSED,311.84875440597534,139.9425048828125,68.0,106.0,170.59677124023438,0.21451103687286377,0.33438485860824585,0.08832807838916779,1,2,73.116,21.016666666666666,317
C06_representative__proxy_24h__vehicle_specific_9010_penalty_both__AUV1_region_A,vehicle_specific_9010_penalty_both,vehicle_specific_9010,C06_representative,1,24.0,SUCCESS,342.93471210001735,183.4346923828125,212.0,0.0,237.06527709960938,0.650306761264801,0.0,0.061349693685770035,0,1,74.609,21.533333333333335,326
C06_representative__proxy_24h__vehicle_specific_9010_penalty_both__AUV2_region_B,vehicle_specific_9010_penalty_both,vehicle_specific_9010,C06_representative,2,24.0,SUCCESS,396.452463900001,171.37881469726562,69.0,0.0,246.30349731445312,0.21904762089252472,0.0,0.38730159401893616,0,1,75.276,21.7,315
C06_representative__proxy_24h__vehicle_specific_7030__AUV1_region_A,vehicle_specific_7030,vehicle_specific_7030,C06_representative,1,24.0,REUSED,290.2475914955139,160.55953979492188,225.0,0.0,212.37132263183594,0.755033552646637,0.0,0.00671140942722559,0,1,75.252,21.7,298
C06_representative__proxy_24h__vehicle_specific_7030__AUV2_region_B,vehicle_specific_7030,vehicle_specific_7030,C06_representative,2,24.0,REUSED,325.49651765823364,100.77130126953125,0.0,242.0,94.92684173583984,0.0,0.7806451320648193,0.0,0,1,76.269,22.016666666666666,310
C06_representative__proxy_24h__vehicle_specific_8020_penalty_both__AUV1_region_A,vehicle_specific_8020_penalty_both,vehicle_specific_8020,C06_representative,1,24.0,SUCCESS,320.62319969999953,166.64035034179688,230.0,0.0,215.10382080078125,0.7692307829856873,0.0,0.02675585262477398,0,1,72.404,20.933333333333334,299
C06_representative__proxy_24h__vehicle_specific_8020_penalty_both__AUV2_region_B,vehicle_specific_8020_penalty_both,vehicle_specific_8020,C06_representative,2,24.0,SUCCESS,360.50892199997907,133.42428588867188,28.0,105.0,167.39395141601562,0.09240923821926117,0.3465346395969391,0.2541254162788391,1,2,73.04,20.95,303
October_control__multi_auv_24h__baseline_shared_STD,baseline_shared_STD,baseline_shared_STD,October_control,1,24.0,REUSED,260.68045258522034,180.27532958984375,0.0,205.0,55.53916549682617,0.0,0.6528662443161011,0.0,0,1,77.184,22.216666666666665,314
October_control__multi_auv_24h__baseline_shared_STD,baseline_shared_STD,baseline_shared_STD,October_control,2,24.0,REUSED,260.68045258522034,175.8923797607422,0.0,197.0,57.54459762573242,0.0,0.6314102411270142,0.0,0,1,77.491,22.333333333333332,312
October_control__proxy_24h__vehicle_specific_9010__AUV1_region_A,vehicle_specific_9010,vehicle_specific_9010,October_control,1,24.0,REUSED,257.3137094974518,182.09194946289062,0.0,238.0,51.39012145996094,0.0,0.7677419185638428,0.0,0,1,75.589,21.866666666666667,310
October_control__proxy_24h__vehicle_specific_9010__AUV2_region_B,vehicle_specific_9010,vehicle_specific_9010,October_control,2,24.0,REUSED,229.02716875076294,188.36032104492188,0.0,288.0,48.35374450683594,0.0,0.891640841960907,0.0,0,1,75.945,21.833333333333332,323
C06_representative__proxy_24h__vehicle_specific_7030_penalty_both__AUV1_region_A,vehicle_specific_7030_penalty_both,vehicle_specific_7030,C06_representative,1,24.0,SUCCESS,301.3467681000184,160.55953979492188,225.0,0.0,212.37132263183594,0.755033552646637,0.0,0.00671140942722559,0,1,75.252,21.7,298
C06_representative__proxy_24h__vehicle_specific_7030_penalty_both__AUV2_region_B,vehicle_specific_7030_penalty_both,vehicle_specific_7030,C06_representative,2,24.0,SUCCESS,342.4847116000019,147.61331176757812,69.0,105.0,180.48223876953125,0.20972643792629242,0.3191489279270172,0.1367781162261963,1,2,72.031,20.633333333333333,329
October_control__proxy_24h__vehicle_specific_8020__AUV1_region_A,vehicle_specific_8020,vehicle_specific_8020,October_control,1,24.0,REUSED,279.4011015892029,188.01211547851562,0.0,235.0,56.847957611083984,0.0,0.7253086566925049,0.0,0,1,76.082,22.033333333333335,324
October_control__proxy_24h__vehicle_specific_8020__AUV2_region_B,vehicle_specific_8020,vehicle_specific_8020,October_control,2,24.0,REUSED,234.4502317905426,180.49484252929688,0.0,265.0,46.188392639160156,0.0,0.8603895902633667,0.0,0,1,76.289,22.0,308
October_control__proxy_24h__vehicle_specific_9010_penalty_both__AUV1_region_A,vehicle_specific_9010_penalty_both,vehicle_specific_9010,October_control,1,24.0,SUCCESS,266.7833041000122,182.09194946289062,0.0,238.0,51.39012145996094,0.0,0.7677419185638428,0.0,0,1,75.589,21.866666666666667,310
October_control__proxy_24h__vehicle_specific_9010_penalty_both__AUV2_region_B,vehicle_specific_9010_penalty_both,vehicle_specific_9010,October_control,2,24.0,SUCCESS,253.1304278000025,176.54071044921875,0.0,253.0,52.65871810913086,0.0,0.8214285969734192,0.0,0,1,75.176,21.583333333333332,308
October_control__proxy_24h__vehicle_specific_7030__AUV1_region_A,vehicle_specific_7030,vehicle_specific_7030,October_control,1,24.0,REUSED,256.7388017177582,139.1145477294922,150.0,76.0,135.2667236328125,0.4934210479259491,0.25,0.0,1,2,75.214,21.75,304
October_control__proxy_24h__vehicle_specific_7030__AUV2_region_B,vehicle_specific_7030,vehicle_specific_7030,October_control,2,24.0,REUSED,226.60543847084045,178.12686157226562,0.0,256.0,47.017669677734375,0.0,0.8476821184158325,0.0,0,1,75.633,21.8,302
October_control__proxy_24h__vehicle_specific_8020_penalty_both__AUV1_region_A,vehicle_specific_8020_penalty_both,vehicle_specific_8020,October_control,1,24.0,SUCCESS,292.74524059999385,188.01211547851562,0.0,235.0,56.847957611083984,0.0,0.7253086566925049,0.0,0,1,76.082,22.033333333333335,324
October_control__proxy_24h__vehicle_specific_8020_penalty_both__AUV2_region_B,vehicle_specific_8020_penalty_both,vehicle_specific_8020,October_control,2,24.0,SUCCESS,264.4656944999879,174.16273498535156,0.0,251.0,46.715999603271484,0.0,0.8202614188194275,0.0,0,1,74.251,21.4,306
C01_representative__multi_auv_48h__baseline_shared_STD,baseline_shared_STD,baseline_shared_STD,C01_representative,1,48.0,REUSED,389.6941635608673,324.64263916015625,15.0,240.0,394.11041259765625,0.024311183020472527,0.3889789283275604,0.11507293581962585,1,2,149.531,43.2,617
C01_representative__multi_auv_48h__baseline_shared_STD,baseline_shared_STD,baseline_shared_STD,C01_representative,2,48.0,REUSED,389.6941635608673,313.25811767578125,137.0,31.0,494.23065185546875,0.2164296954870224,0.048973143100738525,0.14849920570850372,1,2,150.484,43.46666666666667,633
C01_representative__proxy_48h__vehicle_specific_9010__AUV1_region_A,vehicle_specific_9010,vehicle_specific_9010,C01_representative,1,48.0,REUSED,318.6025650501251,363.865478515625,57.0,73.0,471.4092102050781,0.09134615212678909,0.11698717623949051,0.2371794879436493,1,2,151.255,43.733333333333334,624
C01_representative__proxy_48h__vehicle_specific_9010__AUV2_region_B,vehicle_specific_9010,vehicle_specific_9010,C01_representative,2,48.0,REUSED,318.80424189567566,363.638427734375,16.0,155.0,443.85528564453125,0.025641025975346565,0.24839743971824646,0.18910256028175354,1,2,153.027,44.333333333333336,624
October_control__proxy_24h__vehicle_specific_7030_penalty_both__AUV1_region_A,vehicle_specific_7030_penalty_both,vehicle_specific_7030,October_control,1,24.0,SUCCESS,269.0709771999973,139.1145477294922,150.0,76.0,135.2667236328125,0.4934210479259491,0.25,0.0,1,2,75.214,21.75,304
October_control__proxy_24h__vehicle_specific_7030_penalty_both__AUV2_region_B,vehicle_specific_7030_penalty_both,vehicle_specific_7030,October_control,2,24.0,SUCCESS,231.37298669997836,188.38279724121094,0.0,271.0,47.46918487548828,0.0,0.8495298027992249,0.0,0,1,75.793,21.883333333333333,319
C01_representative__proxy_48h__vehicle_specific_8020__AUV1_region_A,vehicle_specific_8020,vehicle_specific_8020,C01_representative,1,48.0,REUSED,297.7881062030792,327.81976318359375,204.0,62.0,472.5821533203125,0.3300970792770386,0.1003236249089241,0.11812297999858856,1,2,151.417,43.7,618
C01_representative__proxy_48h__vehicle_specific_8020__AUV2_region_B,vehicle_specific_8020,vehicle_specific_8020,C01_representative,2,48.0,REUSED,274.94639229774475,338.3373718261719,22.0,195.0,390.40155029296875,0.03709949553012848,0.3288364112377167,0.19055649638175964,1,2,150.814,43.61666666666667,593
C01_representative__proxy_48h__vehicle_specific_8020_penalty_both__AUV1_region_A,vehicle_specific_8020_penalty_both,vehicle_specific_8020,C01_representative,1,48.0,SUCCESS,314.9777883999923,327.81976318359375,204.0,62.0,472.5821533203125,0.3300970792770386,0.1003236249089241,0.11812297999858856,1,2,151.417,43.7,618
C01_representative__proxy_48h__vehicle_specific_8020_penalty_both__AUV2_region_B,vehicle_specific_8020_penalty_both,vehicle_specific_8020,C01_representative,2,48.0,SUCCESS,349.19571749999886,307.267333984375,0.0,328.0,366.7807312011719,0.0,0.5290322303771973,0.1225806474685669,0,1,150.34,43.46666666666667,620
C01_representative__proxy_48h__vehicle_specific_7030__AUV1_region_A,vehicle_specific_7030,vehicle_specific_7030,C01_representative,1,48.0,REUSED,293.6782035827637,318.34503173828125,265.0,46.0,483.9808349609375,0.42399999499320984,0.07360000163316727,0.11840000003576279,1,2,151.82,43.9,625
C01_representative__proxy_48h__vehicle_specific_7030__AUV2_region_B,vehicle_specific_7030,vehicle_specific_7030,C01_representative,2,48.0,REUSED,301.91472816467285,281.56048583984375,0.0,408.0,320.48004150390625,0.0,0.6743801832199097,0.11570248007774353,0,1,150.358,43.38333333333333,605
C01_representative__proxy_48h__vehicle_specific_9010_penalty_both__AUV1_region_A,vehicle_specific_9010_penalty_both,vehicle_specific_9010,C01_representative,1,48.0,SUCCESS,333.70239399999264,363.865478515625,57.0,73.0,471.4092102050781,0.09134615212678909,0.11698717623949051,0.2371794879436493,1,2,151.255,43.733333333333334,624
C01_representative__proxy_48h__vehicle_specific_9010_penalty_both__AUV2_region_B,vehicle_specific_9010_penalty_both,vehicle_specific_9010,C01_representative,2,48.0,SUCCESS,369.9057790999941,304.2386779785156,1.0,241.0,379.8204345703125,0.0016420361353084445,0.3957307040691376,0.06896551698446274,1,2,151.675,43.78333333333333,609
C06_representative__multi_auv_48h__baseline_shared_STD,baseline_shared_STD,baseline_shared_STD,C06_representative,1,48.0,REUSED,401.6205880641937,245.39956665039062,95.0,93.0,355.580078125,0.16295026242733002,0.1595197319984436,0.06689536571502686,1,2,150.52,43.3,583
C06_representative__multi_auv_48h__baseline_shared_STD,baseline_shared_STD,baseline_shared_STD,C06_representative,2,48.0,REUSED,401.6205880641937,314.995849609375,226.0,20.0,419.47918701171875,0.37049180269241333,0.032786883413791656,0.19344262778759003,1,2,150.589,43.516666666666666,610
C06_representative__proxy_48h__vehicle_specific_9010__AUV1_region_A,vehicle_specific_9010,vehicle_specific_9010,C06_representative,1,48.0,REUSED,347.7901813983917,340.6322021484375,316.0,0.0,471.11895751953125,0.5105007886886597,0.0,0.2390953153371811,0,1,152.714,44.13333333333333,619
C06_representative__proxy_48h__vehicle_specific_9010__AUV2_region_B,vehicle_specific_9010,vehicle_specific_9010,C06_representative,2,48.0,REUSED,375.3393449783325,335.81695556640625,253.0,0.0,458.5954284667969,0.41205212473869324,0.0,0.24429967999458313,0,1,151.703,43.88333333333333,614
C01_representative__proxy_48h__vehicle_specific_7030_penalty_both__AUV1_region_A,vehicle_specific_7030_penalty_both,vehicle_specific_7030,C01_representative,1,48.0,SUCCESS,328.9369976000162,318.34503173828125,265.0,46.0,483.9808349609375,0.42399999499320984,0.07360000163316727,0.11840000003576279,1,2,151.82,43.9,625
C01_representative__proxy_48h__vehicle_specific_7030_penalty_both__AUV2_region_B,vehicle_specific_7030_penalty_both,vehicle_specific_7030,C01_representative,2,48.0,SUCCESS,309.7208787999989,256.42083740234375,0.0,512.0,260.87640380859375,0.0,0.8191999793052673,0.0,0,1,153.629,44.35,625
C06_representative__proxy_48h__vehicle_specific_8020__AUV1_region_A,vehicle_specific_8020,vehicle_specific_8020,C06_representative,1,48.0,REUSED,296.906450510025,331.6412353515625,321.0,0.0,445.5766906738281,0.5314569473266602,0.0,0.1870860904455185,0,1,151.138,43.53333333333333,604
C06_representative__proxy_48h__vehicle_specific_8020__AUV2_region_B,vehicle_specific_8020,vehicle_specific_8020,C06_representative,2,48.0,REUSED,341.7905378341675,293.2127990722656,141.0,196.0,358.8314514160156,0.22926829755306244,0.3186991810798645,0.19837398827075958,1,2,149.885,43.4,615
C06_representative__proxy_48h__vehicle_specific_9010_penalty_both__AUV1_region_A,vehicle_specific_9010_penalty_both,vehicle_specific_9010,C06_representative,1,48.0,SUCCESS,376.1157063000137,340.6322021484375,316.0,0.0,471.11895751953125,0.5105007886886597,0.0,0.2390953153371811,0,1,152.714,44.13333333333333,619
C06_representative__proxy_48h__vehicle_specific_9010_penalty_both__AUV2_region_B,vehicle_specific_9010_penalty_both,vehicle_specific_9010,C06_representative,2,48.0,SUCCESS,443.7025380000123,284.77978515625,140.0,154.0,365.58087158203125,0.23026315867900848,0.25328946113586426,0.16611842811107635,1,2,151.001,43.5,608
C06_representative__proxy_48h__vehicle_specific_7030__AUV1_region_A,vehicle_specific_7030,vehicle_specific_7030,C06_representative,1,48.0,REUSED,292.7462878227234,332.0143737792969,327.0,0.0,450.4626770019531,0.5378289222717285,0.0,0.20723684132099152,0,1,149.989,43.333333333333336,608
C06_representative__proxy_48h__vehicle_specific_7030__AUV2_region_B,vehicle_specific_7030,vehicle_specific_7030,C06_representative,2,48.0,REUSED,362.9396719932556,239.55137634277344,59.0,369.0,267.87030029296875,0.09379968047142029,0.5866454839706421,0.09697933495044708,1,2,151.254,43.61666666666667,629
C06_representative__proxy_48h__vehicle_specific_8020_penalty_both__AUV1_region_A,vehicle_specific_8020_penalty_both,vehicle_specific_8020,C06_representative,1,48.0,SUCCESS,306.669224799989,331.6412353515625,321.0,0.0,445.5766906738281,0.5314569473266602,0.0,0.1870860904455185,0,1,151.138,43.53333333333333,604
C06_representative__proxy_48h__vehicle_specific_8020_penalty_both__AUV2_region_B,vehicle_specific_8020_penalty_both,vehicle_specific_8020,C06_representative,2,48.0,SUCCESS,402.8722803000128,244.33969116210938,54.0,351.0,276.451171875,0.08766233921051025,0.5698052048683167,0.13149350881576538,1,2,153.913,44.35,616
October_control__multi_auv_48h__baseline_shared_STD,baseline_shared_STD,baseline_shared_STD,October_control,1,48.0,REUSED,350.12517857551575,308.6041564941406,34.0,212.0,186.99484252929688,0.05564648285508156,0.34697216749191284,0.0,1,2,150.265,43.233333333333334,611
October_control__multi_auv_48h__baseline_shared_STD,baseline_shared_STD,baseline_shared_STD,October_control,2,48.0,REUSED,350.12517857551575,340.98175048828125,0.0,348.0,141.57862854003906,0.0,0.5640194416046143,0.0,0,1,154.461,44.63333333333333,617
October_control__proxy_48h__vehicle_specific_9010__AUV1_region_A,vehicle_specific_9010,vehicle_specific_9010,October_control,1,48.0,REUSED,266.48267555236816,358.9864501953125,0.0,462.0,100.88042449951172,0.0,0.756137490272522,0.0,0,1,151.943,43.96666666666667,611
October_control__proxy_48h__vehicle_specific_9010__AUV2_region_B,vehicle_specific_9010,vehicle_specific_9010,October_control,2,48.0,REUSED,305.4450192451477,360.3061218261719,0.0,542.0,92.63406372070312,0.0,0.8798701167106628,0.0,0,1,152.609,44.083333333333336,616
C06_representative__proxy_48h__vehicle_specific_7030_penalty_both__AUV1_region_A,vehicle_specific_7030_penalty_both,vehicle_specific_7030,C06_representative,1,48.0,SUCCESS,320.96458130000974,332.0143737792969,327.0,0.0,450.4626770019531,0.5378289222717285,0.0,0.20723684132099152,0,1,149.989,43.333333333333336,608
C06_representative__proxy_48h__vehicle_specific_7030_penalty_both__AUV2_region_B,vehicle_specific_7030_penalty_both,vehicle_specific_7030,C06_representative,2,48.0,SUCCESS,368.2458217999956,224.11497497558594,64.0,424.0,231.76402282714844,0.10457516461610794,0.6928104758262634,0.04084967449307442,1,2,146.946,42.31666666666667,612
October_control__proxy_48h__vehicle_specific_8020__AUV1_region_A,vehicle_specific_8020,vehicle_specific_8020,October_control,1,48.0,REUSED,292.4032597541809,349.1451721191406,93.0,399.0,163.006103515625,0.14691942930221558,0.6303317546844482,0.0,1,2,151.543,43.75,633
October_control__proxy_48h__vehicle_specific_8020__AUV2_region_B,vehicle_specific_8020,vehicle_specific_8020,October_control,2,48.0,REUSED,252.83058404922485,360.79571533203125,0.0,549.0,92.13378143310547,0.0,0.8912337422370911,0.0,0,1,153.833,44.46666666666667,616
October_control__proxy_48h__vehicle_specific_9010_penalty_both__AUV1_region_A,vehicle_specific_9010_penalty_both,vehicle_specific_9010,October_control,1,48.0,SUCCESS,272.602626900014,358.9864501953125,0.0,462.0,100.88042449951172,0.0,0.756137490272522,0.0,0,1,151.943,43.96666666666667,611
October_control__proxy_48h__vehicle_specific_9010_penalty_both__AUV2_region_B,vehicle_specific_9010_penalty_both,vehicle_specific_9010,October_control,2,48.0,SUCCESS,341.0940881000133,342.65020751953125,16.0,418.0,138.84083557128906,0.025806451216340065,0.6741935610771179,0.0,1,2,152.204,43.983333333333334,620
October_control__proxy_48h__vehicle_specific_7030__AUV1_region_A,vehicle_specific_7030,vehicle_specific_7030,October_control,1,48.0,REUSED,266.1134126186371,287.8248291015625,263.0,265.0,253.92529296875,0.42556634545326233,0.42880257964134216,0.04692556709051132,1,2,150.701,43.56666666666667,618
October_control__proxy_48h__vehicle_specific_7030__AUV2_region_B,vehicle_specific_7030,vehicle_specific_7030,October_control,2,48.0,REUSED,263.6745913028717,357.1566162109375,0.0,553.0,89.64300537109375,0.0,0.9080459475517273,0.0,0,1,151.413,43.8,609
October_control__proxy_48h__vehicle_specific_8020_penalty_both__AUV1_region_A,vehicle_specific_8020_penalty_both,vehicle_specific_8020,October_control,1,48.0,SUCCESS,298.9283577000024,349.1451721191406,93.0,399.0,163.006103515625,0.14691942930221558,0.6303317546844482,0.0,1,2,151.543,43.75,633
October_control__proxy_48h__vehicle_specific_8020_penalty_both__AUV2_region_B,vehicle_specific_8020_penalty_both,vehicle_specific_8020,October_control,2,48.0,SUCCESS,305.0349535999994,350.0870361328125,2.0,470.0,119.03564453125,0.003215434029698372,0.7556270360946655,0.0,1,2,149.997,43.21666666666667,622
October_control__proxy_48h__vehicle_specific_7030_penalty_both__AUV1_region_A,vehicle_specific_7030_penalty_both,vehicle_specific_7030,October_control,1,48.0,SUCCESS,278.41750419998425,287.8248291015625,263.0,265.0,253.92529296875,0.42556634545326233,0.42880257964134216,0.04692556709051132,1,2,150.701,43.56666666666667,618
October_control__proxy_48h__vehicle_specific_7030_penalty_both__AUV2_region_B,vehicle_specific_7030_penalty_both,vehicle_specific_7030,October_control,2,48.0,SUCCESS,204.2633996999939,356.97259521484375,0.0,556.0,89.47407531738281,0.0,0.9040650129318237,0.0,0,1,152.248,44.016666666666666,615
C01_representative__proxy_12h__role_swap_of_vehicle_specific_7030__AUV1_region_B,role_swap_of_vehicle_specific_7030,role_swap_of_vehicle_specific_7030,C01_representative,1,12.0,REUSED,246.68028593063354,92.31534576416016,0.0,87.0,77.87401580810547,0.0,0.5612903237342834,0.0,0,1,37.275,10.766666666666667,155
C01_representative__proxy_12h__role_swap_of_vehicle_specific_7030__AUV2_region_A,role_swap_of_vehicle_specific_7030,role_swap_of_vehicle_specific_7030,C01_representative,2,12.0,REUSED,271.10947465896606,75.66423797607422,52.0,0.0,124.86854553222656,0.3466666638851166,0.0,0.006666666828095913,0,1,36.829,10.616666666666667,150
C01_representative__proxy_24h__role_swap_of_vehicle_specific_7030__AUV1_region_B,role_swap_of_vehicle_specific_7030,role_swap_of_vehicle_specific_7030,C01_representative,1,24.0,SUCCESS,271.56670600001235,157.59506225585938,0.0,244.0,144.3111572265625,0.0,0.7746031880378723,0.0,0,1,76.069,21.933333333333334,315
C01_representative__proxy_24h__role_swap_of_vehicle_specific_7030__AUV2_region_A,role_swap_of_vehicle_specific_7030,role_swap_of_vehicle_specific_7030,C01_representative,2,24.0,SUCCESS,307.64039620000403,161.62249755859375,124.0,0.0,264.03228759765625,0.4065573811531067,0.0,0.2295081913471222,0,1,74.209,21.433333333333334,305
C01_representative__proxy_48h__role_swap_of_vehicle_specific_7030_penalty_both__AUV1_region_B,role_swap_of_vehicle_specific_7030_penalty_both,role_swap_of_vehicle_specific_7030,C01_representative,1,48.0,SUCCESS,320.2719142999849,281.56048583984375,0.0,408.0,320.48004150390625,0.0,0.6743801832199097,0.11570248007774353,0,1,150.358,43.38333333333333,605
C01_representative__proxy_48h__role_swap_of_vehicle_specific_7030_penalty_both__AUV2_region_A,role_swap_of_vehicle_specific_7030_penalty_both,role_swap_of_vehicle_specific_7030,C01_representative,2,48.0,SUCCESS,297.9832313999941,284.43682861328125,304.0,53.0,476.8912353515625,0.49836066365242004,0.0868852436542511,0.11147540807723999,1,2,152.952,44.06666666666667,610
C06_representative__proxy_12h__role_swap_of_vehicle_specific_7030__AUV1_region_B,role_swap_of_vehicle_specific_7030,role_swap_of_vehicle_specific_7030,C06_representative,1,12.0,SUCCESS,395.8308099999849,46.83312225341797,0.0,80.0,45.69751739501953,0.0,0.5755395889282227,0.0,0,1,36.388,10.5,139
C06_representative__proxy_12h__role_swap_of_vehicle_specific_7030__AUV2_region_A,role_swap_of_vehicle_specific_7030,role_swap_of_vehicle_specific_7030,C06_representative,2,12.0,SUCCESS,430.3017061999999,75.39899444580078,75.0,0.0,106.516357421875,0.5244755148887634,0.0,0.03496503457427025,0,1,35.992,10.3,143
C06_representative__proxy_24h__role_swap_of_vehicle_specific_7030__AUV1_region_B,role_swap_of_vehicle_specific_7030,role_swap_of_vehicle_specific_7030,C06_representative,1,24.0,SUCCESS,403.80765060000704,100.77130126953125,0.0,242.0,94.92684173583984,0.0,0.7806451320648193,0.0,0,1,76.269,22.016666666666666,310
C06_representative__proxy_24h__role_swap_of_vehicle_specific_7030__AUV2_region_A,role_swap_of_vehicle_specific_7030,role_swap_of_vehicle_specific_7030,C06_representative,2,24.0,SUCCESS,432.698572400026,160.55953979492188,225.0,0.0,212.37132263183594,0.755033552646637,0.0,0.00671140942722559,0,1,75.252,21.7,298
October_control__proxy_12h__role_swap_of_vehicle_specific_7030_penalty_both__AUV1_region_B,role_swap_of_vehicle_specific_7030_penalty_both,role_swap_of_vehicle_specific_7030,October_control,1,12.0,SUCCESS,348.76564249998773,87.71820068359375,0.0,100.0,22.006961822509766,0.0,0.6578947305679321,0.0,0,1,37.868,10.8,152
October_control__proxy_12h__role_swap_of_vehicle_specific_7030_penalty_both__AUV2_region_A,role_swap_of_vehicle_specific_7030_penalty_both,role_swap_of_vehicle_specific_7030,October_control,2,12.0,SUCCESS,281.72167299999273,92.2970199584961,0.0,105.0,28.260910034179688,0.0,0.6402438879013062,0.0,0,1,38.214,10.883333333333333,164
C06_representative__proxy_48h__role_swap_of_vehicle_specific_7030_penalty_both__AUV1_region_B,role_swap_of_vehicle_specific_7030_penalty_both,role_swap_of_vehicle_specific_7030,C06_representative,1,48.0,SUCCESS,528.0339721000055,239.55137634277344,59.0,369.0,267.87030029296875,0.09379968047142029,0.5866454839706421,0.09697933495044708,1,2,151.254,43.61666666666667,629
C06_representative__proxy_48h__role_swap_of_vehicle_specific_7030_penalty_both__AUV2_region_A,role_swap_of_vehicle_specific_7030_penalty_both,role_swap_of_vehicle_specific_7030,C06_representative,2,48.0,SUCCESS,290.72083239999483,335.4057312011719,338.0,0.0,457.288818359375,0.5469255447387695,0.0,0.17475728690624237,0,1,150.78,43.65,618
October_control__proxy_24h__role_swap_of_vehicle_specific_7030_penalty_both__AUV1_region_B,role_swap_of_vehicle_specific_7030_penalty_both,role_swap_of_vehicle_specific_7030,October_control,1,24.0,SUCCESS,248.95301489997655,178.12686157226562,0.0,256.0,47.017669677734375,0.0,0.8476821184158325,0.0,0,1,75.633,21.8,302
October_control__proxy_24h__role_swap_of_vehicle_specific_7030_penalty_both__AUV2_region_A,role_swap_of_vehicle_specific_7030_penalty_both,role_swap_of_vehicle_specific_7030,October_control,2,24.0,SUCCESS,317.8676322000101,143.521240234375,142.0,67.0,130.60671997070312,0.4580645263195038,0.21612903475761414,0.0,1,2,74.28,21.433333333333334,310
October_control__proxy_48h__role_swap_of_vehicle_specific_7030_penalty_both__AUV1_region_B,role_swap_of_vehicle_specific_7030_penalty_both,role_swap_of_vehicle_specific_7030,October_control,1,48.0,SUCCESS,298.26431030000094,357.1566162109375,0.0,553.0,89.64300537109375,0.0,0.9080459475517273,0.0,0,1,151.413,43.8,609
October_control__proxy_48h__role_swap_of_vehicle_specific_7030_penalty_both__AUV2_region_A,role_swap_of_vehicle_specific_7030_penalty_both,role_swap_of_vehicle_specific_7030,October_control,2,48.0,SUCCESS,315.3661272999889,243.34014892578125,340.0,54.0,339.82586669921875,0.5466237664222717,0.08681672066450119,0.05466238036751747,2,2,150.792,43.583333333333336,622
